{"fmax_history": [4.305602617507628, 2.668441562106444, 2.042446791611688, 1.5589421277796058, 2.02301165675073, 2.5952140096519947, 2.2090635903898495, 1.605619559138851, 1.5920904076931714, 1.734501710869778, 1.2138363214942032, 0.9229249872289833, 1.1902175522894376, 0.9803727720718836, 0.8254463668167263, 0.7322443221294032, 0.6145143890427067, 0.7631815516302535, 0.8240925606856329, 0.6918855481429943, 0.3676681873090817, 0.49213477001667144, 0.7145668690519685, 0.5967597734302337, 0.3976300831139604, 0.6807754237330514, 0.5421771926986766, 0.5714501450225753, 0.5316725260033998, 0.5411316840908884, 0.3659647765921785, 0.6223496497450337, 0.3266747317263089, 0.17751655891173498, 0.4109541306968132, 0.45066929537701816, 0.2427101736360136, 0.19616662663433543, 0.3711803565891868, 0.306951296024018, 0.166346318889694, 0.3559683004393935, 0.182073554661181, 0.34622521321201083, 0.15158626515219406, 0.43640115047806893, 0.2515555166694214, 0.10349972161960709, 0.28445798037703024, 0.2521872721570214, 0.20485890335971532, 0.1474670110110101, 0.08297595898022445, 0.1073601556312454, 0.15407352932595794, 0.17965767372177985, 0.1817297280718855, 0.1555908614814156, 0.1010157420388496, 0.08878607017969496, 0.14218020851072055, 0.15037345582969852, 0.09935655845207846, 0.0924896536969251, 0.13139954588175906, 0.07162092740411644, 0.11323039861956329, 0.08314342431665854, 0.12111269095688403, 0.034946575278742925, 0.1459286541599952, 0.17853685622125742, 0.16143336812033707, 0.26660378949726876, 0.03558050508834002, 0.23464114613528678, 0.1764696839654176, 0.07429312564508304, 0.04997753314317991, 0.04692754189617893, 0.04103624161761609, 0.03273220517365459, 0.022666747132269828, 0.02043131636183794, 0.020376061109920997, 0.0203068809032434, 0.020827486187990372, 0.025776174859194142, 0.02626280122333728, 0.0212647147518305, 0.01943386135696493], "nsteps": 91, "method": "aseneb", "optmethod": null, "precon": null, "optimizer": "FIRE", "path": [0, 0.7075996784456896, 1.4968822693710215, 2.0187963213928195, 2.747424097649309, 3.5144579837170165, 4.35653228883176, 4.981609978571005], "energies": [0.0, 0.15310388051284463, 1.0823572068692897, 0.8418521098661245, 0.2511173861513498, 0.21829206217717, 0.3764992798688809, 0.4182258937489678], "fit_path": [0.0, 0.00046240904895193105, 0.000956652976297982, 0.0016036151790898398, 0.0025241790543791913, 0.003839227999217724, 0.005669645410657126, 0.008136314685749081, 0.011360119221545279, 0.015461942415097404, 0.02056266766345715, 0.02678317836367619, 0.03424435791280624, 0.04306708970789896, 0.05337225714600604, 0.06528074362417917, 0.07891343253947003, 0.09439120728893031, 0.11183495126961171, 0.13136554787856594, 0.15310388051284463, 0.18288902401064266, 0.22051982742413268, 0.2649812688870161, 0.31525832653299357, 0.37033597849576605, 0.4291992029090341, 0.49083297790649816, 0.5542222816218596, 0.6183520921888199, 0.6822073877410777, 0.7447731464123357, 0.8050343463362943, 0.8619759656466546, 0.9145829824771181, 0.9618403749613831, 1.0027331212331534, 1.0362461994261274, 1.061364587674006, 1.077073264110494, 1.0823572068692906, 1.0815438163196434, 1.0794658204142746, 1.0761372873387787, 1.071572285278748, 1.065784882419777, 1.05878914694746, 1.050599147047389, 1.0412289509051593, 1.0306926267063639, 1.0190042426365982, 1.0061778668814543, 0.9922275676265251, 0.9771674130574066, 0.9610114713596922, 0.9437738107189739, 0.9254684993208473, 0.9061096053509052, 0.8857111969947411, 0.8642873424379496, 0.8418521098661209, 0.8091270143567586, 0.7751673015514537, 0.7402346771280213, 0.7045908467642619, 0.6684975161379869, 0.6322163909270042, 0.5960091768091225, 0.5601375794621486, 0.5248633045638904, 0.4904480577921566, 0.457153544824755, 0.4252414713394925, 0.3949735430141743, 0.3666114655266144, 0.3404169445546188, 0.31665168577599, 0.2955773948685394, 0.277455777510081, 0.2625485393784128, 0.2511173861513516, 0.24161998028425202, 0.2333119056273345, 0.22613276732396237, 0.2200221705174954, 0.2149197203512978, 0.21076502196873026, 0.20749768051316053, 0.20505730112794396, 0.2033834889564501, 0.20241584914203692, 0.20209398682806867, 0.20235750715790424, 0.20314601527491405, 0.20439911632245256, 0.2060564154438893, 0.2080575177825814, 0.2103420284818922, 0.2128495526851859, 0.21551969553582495, 0.21829206217717356, 0.22203323922719065, 0.22701273426037005, 0.2330973045222393, 0.24015370725829754, 0.24804869971407584, 0.25664903913508397, 0.2658214827668388, 0.2754327878548679, 0.28534971164469525, 0.29543901138181994, 0.30556744431176597, 0.3156017676800502, 0.3254087387322073, 0.33485511471373997, 0.3438076528701721, 0.35213311044700646, 0.3596982446897812, 0.36636981284400605, 0.3720145721552015, 0.37649927986888265, 0.37940130227700664, 0.3823604717980338, 0.3853529535322018, 0.38835491257973764, 0.3913425140408755, 0.39429192301585836, 0.39717930460490614, 0.3999808239082512, 0.4026726460261436, 0.405230936058798, 0.40763185910645383, 0.4098515802693523, 0.41186626464772047, 0.41365207734178, 0.41518518345178634, 0.41644174807794876, 0.41739793632051736, 0.4180299132797263, 0.41831384405579364, 0.4182258937489678],