{"fmax_history": [3.097238842168361, 2.175625544763697, 1.2929735487155125, 0.49785354910555235, 0.4667433741969175, 0.40638828460328624, 0.3205164925242999, 0.2150105314893668, 0.15659830389675636, 0.1486833963735191, 0.13932472103905966, 0.20268616338631498, 0.2525744233721861, 0.2589277625244802, 0.21285148760005634, 0.12293023356227607, 0.04839704051229632, 0.14870342021299005, 0.13996311097052397, 0.12270323747673621, 0.0978964753296856, 0.07035077294059364, 0.08735914367888231, 0.07392535867375011, 0.030851401050322132, 0.06644187527368357, 0.05410385835918907, 0.05215732833270281, 0.049248431845737226, 0.045409825703680996, 0.041525031100649805, 0.04197730656117892, 0.02967231277540988, 0.027462410081505025, 0.02699206012511279, 0.035573013862807305, 0.025701671153412917, 0.024838526521552756, 0.03180849691027946, 0.023554961787615205, 0.029331054457889603, 0.022790265191733293, 0.033890251527255805, 0.018160447930906123, 0.01553931358055514], "nsteps": 45, "method": "aseneb", "optmethod": null, "precon": null, "optimizer": "FIRE", "path": [0, 1.1012297009682697, 2.202423514575374, 3.303108603717206, 4.404431428019636, 5.511634528425661, 6.627806610552024], "energies": [0.0, 0.0027960787995766623, 0.021959794035012692, 0.09602699905826739, 0.24512719959710694, 0.542067815930352, 0.5021736493096682], "fit_path": [0.0, -2.616124501422374e-05, -5.570630759777893e-05, -8.515954824361808e-05, -0.00011104532744469377, -0.00012988800569395848, -0.00013821194348436478, -0.0001325415013088652, -0.00010940103966041227, -6.531491903195853e-05, 3.1925000835435338e-06, 9.959685719314126e-05, 0.0002273737918038823, 0.00038999894342281384, 0.000590947951556984, 0.0008336964557134393, 0.001121720095399228, 0.001458494510121397, 0.001847495339386994, 0.002292198222703067, 0.0027960787995766657, 0.0033197182506404556, 0.0038281838998797356, 0.004331628333751378, 0.00484020413871223, 0.005364063901219143, 0.005913360207728972, 0.006498245644698593, 0.007128872798584825, 0.007815394255844564, 0.008567962602934645, 0.009396730426311908, 0.010311850312433264, 0.011323474847755505, 0.012441756618735526, 0.013676848211830156, 0.015038902213496297, 0.01653807121019074, 0.0181845077883704, 0.019988364534492105, 0.021959794035012636, 0.024118068058363168, 0.02647373109823939, 0.029020991761146864, 0.03175405865359113, 0.0346671403820778, 0.03775444555311255, 0.04101018277320087, 0.044428560648848286, 0.04800378778656059, 0.051730072792843126, 0.05560162427420168, 0.05961265083714179, 0.06375736108816894, 0.0680299636337888, 0.07242466708050688, 0.07693568003482892, 0.08155721110326034, 0.08628346889230681, 0.09110866200847395, 0.09602699905826734, 0.10108157501195786, 0.10632111804043887, 0.11175691317638997, 0.11740024545249111, 0.12326239990142157, 0.12935466155586134, 0.13568831544849003, 0.14227464661198724, 0.14912494007903276, 0.1562504808823061, 0.16366255405448726, 0.17137244462825552, 0.17939143763629078, 0.18773081811127285, 0.1964018710858812, 0.20541588159279556, 0.2147841346646957, 0.22451791533426113, 0.23462850863417173, 0.24512719959710783, 0.25629070389894526, 0.26823078625784813, 0.28088264026983545, 0.2941814595309147, 0.30806243763709507, 0.3224607681843885, 0.3373116447688149, 0.3525502609863791, 0.36811181043309205, 0.383931486704971, 0.39994448339802346, 0.4160859941082631, 0.4322912124317, 0.448495331964355, 0.46463354630222753, 0.480641049041334, 0.4964530337776871, 0.5120046941073015, 0.5272312236261847, 0.5420678159303591, 0.5550936128974513, 0.5648785199660509, 0.5716991678158223, 0.5758321871263021, 0.5775542085771264, 0.5771418628479026, 0.5748717806182171, 0.5710205925676703, 0.56586492937587, 0.5596814217224306, 0.5527467002869528, 0.5453373957490157, 0.537730138788227, 0.5302015600842083, 0.5230282903165389, 0.5164869601648334, 0.5108542003087067, 0.5064066414277448, 0.5034209142015271, 0.5021736493096682], "fit_energies": [0.0, -2.616124501422374e-05, -5.570630759777893e-05, -8.515954824361808e-05, -0.00011104532744469377, -0.00012988800569395848, -0.00013821194348436478, -0.0001325415013088652, -0.00010940103966041227, -6.531491903195853e-05, 3.1925000835435338e-06, 9.959685719314126e-05, 0.0002273737918038823, 0.00038999894342281384, 0.000590947951556984, 0.0008336964557134393, 0.001121720095399228, 0.001458494510121397, 0.001847495339386994, 0.002292198222703067, 0.0027960787995766657, 0.0033197182506404556, 0.0038281838998797356, 0.004331628333751378, 0.00484020413871223, 0.005364063901219143, 0.005913360207728972, 0.006498245644698593, 0.007128872798584825, 0.007815394255844564, 0.008567962602934645, 0.009396730426311908, 0.010311850312433264, 0.011323474847755505, 0.012441756618735526, 0.013676848211830156, 0.015038902213496297, 0.01653807121019074, 0.0181845077883704, 0.019988364534492105, 0.021959794035012636, 0.024118068058363168, 0.02647373109823939, 0.029020991761146864, 0.03175405865359113, 0.0346671403820778, 0.03775444555311255, 0.04101018277320087, 0.044428560648848286, 0.04800378778656059, 0.051730072792843126, 0.05560162427420168, 0.05961265083714179, 0.06375736108816894, 0.0680299636337888, 0.07242466708050688, 0.07693568003482892, 0.08155721110326034, 0.08628346889230681, 0.09110866200847395, 0.09602699905826734, 0.10108157501195786, 0.10632111804043887, 0.11175691317638997, 0.11740024545249111, 0.12326239990142157, 0.12935466155586134, 0.13568831544849003, 0.14227464661198724, 0.14912494007903276, 0.1562504808823061, 0.16366255405448726, 0.17137244462825552, 0.17939143763629078, 0.18773081811127285, 0.1964018710858812, 0.20541588159279556, 0.2147841346646957, 0.22451791533426113, 0.23462850863417173, 0.24512719959710783, 0.25629070389894526, 0.26823078625784813, 0.28088264026983545, 0.2941814595309147, 0.30806243763709507, 0.3224607681843885, 0.3373116447688149, 0.3525502609863791, 0.36811181043309205, 0.383931486704971, 0.39994448339802346, 0.4160859941082631, 0.4322912124317, 0.448495331964355, 0.46463354630222753, 0.480641049041334, 0.4964530337776871, 0.5120046941073015, 0.5272312236261847, 0.5420678159303591, 0.5550936128974513, 0.5648785199660509, 0.5716991678158223, 0.5758321871263021, 0.5775542085771264, 0.5771418628479026, 0.5748717806182171, 0.5710205925676703, 0.56586492937587, 0.5596814217224306, 0.5527467002869528, 0.5453373957490157, 0.537730138788227, 0.5302015600842083, 0.5230282903165389, 0.5164869601648334, 0.5108542003087067, 0.5064066414277448, 0.5034209142015271, 0.5021736493096682], "lines": [[[-0.5506148504841348, 0.0, 0.5506148504841348], [0.00023310789727208864, 0.0, -0.00023310789727208864]], [[0.5506238223244262, 1.1012297009682697, 1.6518355796121131], [-0.0025501137885051645, 0.0027960787995766623, 0.008142271387658488]], [[1.65195378888814, 2.202423514575374, 2.752893240262608], [0.0013785484160364452, 0.021959794035012692, 0.042541039653988935]], [[2.7526066253561403, 3.303108603717206, 3.8536105820782716], [0.04638283582844994, 0.09602699905826739, 0.14567116228808485]], [[3.8522999468425225, 4.404431428019636, 4.95656290919675], [0.13787662654386157, 0.24512719959710694, 0.3523777726503522]], [[4.955790732792565, 5.511634528425661, 6.067478324058758], [0.39527544740537013, 0.542067815930352, 0.6888601844553339]], [[6.069720569488842, 6.627806610552024, 7.185892651615205], [0.5050318842908006, 0.5021736493096682, 0.4993154143285359]]], "Ef": 0.542067815930352, "dE": 0.5021736493096682}